create_timestamp,player_id,score
"2022-07-10 17:56:05",player_7665,6438
"2022-07-10 17:56:05",player_3478,9763
"2022-07-10 17:56:05",player_7782,7192
"2022-07-10 17:56:05",player_6154,2067
"2022-07-10 17:56:05",player_2849,4250
"2022-07-10 17:56:05",player_6747,7796
"2022-07-10 17:56:05",player_5883,1567
"2022-07-10 17:56:05",player_4452,9342
"2022-07-10 17:56:05",player_5885,2602
"2022-07-10 17:56:05",player_5514,2396
"2022-07-10 17:56:05",player_8042,5263
"2022-07-10 17:56:05",player_9085,2926
"2022-07-10 17:56:05",player_236,883
"2022-07-10 17:56:05",player_736,357
"2022-07-10 17:56:05",player_28,8815
"2022-07-10 17:56:05",player_6731,6399
"2022-07-10 17:56:05",player_6531,5537
"2022-07-10 17:56:05",player_4438,3172
"2022-07-10 17:56:05",player_1379,7153
"2022-07-10 17:56:05",player_8127,8348
"2022-07-10 17:56:05",player_3548,6159
"2022-07-10 17:56:05",player_3526,7904
"2022-07-10 17:56:05",player_7694,3506
"2022-07-10 17:56:05",player_1065,5721
"2022-07-10 17:56:05",player_1142,2919
"2022-07-10 17:56:05",player_3611,351
"2022-07-10 17:56:05",player_6344,9364
"2022-07-10 17:56:05",player_283,7896
"2022-07-10 17:56:05",player_5944,1262
"2022-07-10 17:56:05",player_1338,8670
"2022-07-10 17:56:05",player_1182,1146
"2022-07-10 17:56:05",player_9224,4303
"2022-07-10 17:56:05",player_9500,5448
"2022-07-10 17:56:05",player_6912,5805
"2022-07-10 17:56:05",player_1715,1861
"2022-07-10 17:56:05",player_3155,434
"2022-07-10 17:56:05",player_652,546
"2022-07-10 17:56:05",player_4268,4263
"2022-07-10 17:56:05",player_7400,7990
"2022-07-10 17:56:05",player_723,9126
"2022-07-10 17:56:05",player_5420,2904
"2022-07-10 17:56:05",player_2555,5672
"2022-07-10 17:56:05",player_755,1937
"2022-07-10 17:56:05",player_3799,3518
"2022-07-10 17:56:05",player_7682,6600
"2022-07-10 17:56:05",player_4146,5201
"2022-07-10 17:56:05",player_8473,6112
"2022-07-10 17:56:05",player_2875,4264
"2022-07-10 17:56:05",player_9833,8016
"2022-07-10 17:56:05",player_1296,6607
"2022-07-10 17:56:05",player_1842,3049
"2022-07-10 17:56:05",player_6966,7325
"2022-07-10 17:56:05",player_4151,521
"2022-07-10 17:56:05",player_919,6962
"2022-07-10 17:56:05",player_9359,9466
"2022-07-10 17:56:05",player_6221,2346
"2022-07-10 17:56:05",player_1341,5877
"2022-07-10 17:56:05",player_7775,8725
"2022-07-10 17:56:05",player_7739,7978
"2022-07-10 17:56:05",player_1178,5824
"2022-07-10 17:56:05",player_907,5824
"2022-07-10 17:56:05",player_4489,2520
"2022-07-10 17:56:05",player_9437,2717
"2022-07-10 17:56:05",player_6214,2797
"2022-07-10 17:56:05",player_6401,7822
"2022-07-10 17:56:05",player_7001,2692
"2022-07-10 17:56:05",player_8582,8602
"2022-07-10 17:56:05",player_4633,1235
"2022-07-10 17:56:05",player_1081,951
"2022-07-10 17:56:05",player_4700,2698
"2022-07-10 17:56:05",player_3802,6384
"2022-07-10 17:56:05",player_2410,7813
"2022-07-10 17:56:05",player_8551,5824
"2022-07-10 17:56:05",player_897,9541
"2022-07-10 17:56:05",player_1450,8606
"2022-07-10 17:56:05",player_2789,7108
"2022-07-10 17:56:05",player_8334,3530
"2022-07-10 17:56:05",player_5853,8779
"2022-07-10 17:56:05",player_7356,5552
"2022-07-10 17:56:05",player_8470,3192
"2022-07-10 17:56:05",player_5802,1234
"2022-07-10 17:56:05",player_4572,2051
"2022-07-10 17:56:05",player_2352,1815
"2022-07-10 17:56:05",player_2230,4366
"2022-07-10 17:56:05",player_2537,8624
"2022-07-10 17:56:05",player_893,8894
"2022-07-10 17:56:05",player_1718,8849
"2022-07-10 17:56:05",player_9077,1256
"2022-07-10 17:56:05",player_448,8354
"2022-07-10 17:56:05",player_9899,9791
"2022-07-10 17:56:05",player_6008,1009
"2022-07-10 17:56:05",player_7604,9982
"2022-07-10 17:56:05",player_2232,2102
"2022-07-10 17:56:05",player_4438,8119
"2022-07-10 17:56:05",player_3650,7717
"2022-07-10 17:56:05",player_3070,1654
"2022-07-10 17:56:05",player_8180,8927
"2022-07-10 17:56:05",player_2981,6444
"2022-07-10 17:56:05",player_5759,6599
"2022-07-10 17:56:05",player_4956,9459
"2022-07-10 17:56:05",player_2418,9742
"2022-07-10 17:56:05",player_5089,6536
"2022-07-10 17:56:05",player_9331,4893
"2022-07-10 17:56:05",player_6613,1673
"2022-07-10 17:56:05",player_3047,9765
"2022-07-10 17:56:05",player_8704,1582
"2022-07-10 17:56:05",player_7850,338
"2022-07-10 17:56:05",player_1095,2007
"2022-07-10 17:56:05",player_3117,1574
"2022-07-10 17:56:05",player_4265,9905
"2022-07-10 17:56:05",player_8252,2428
"2022-07-10 17:56:05",player_8731,4293
"2022-07-10 17:56:05",player_2680,2465
"2022-07-10 17:56:05",player_4208,5370
"2022-07-10 17:56:05",player_6100,5166
"2022-07-10 17:56:05",player_5569,1891
"2022-07-10 17:56:05",player_1426,2767
"2022-07-10 17:56:05",player_1202,8224
"2022-07-10 17:56:05",player_255,4504
"2022-07-10 17:56:05",player_1211,5111
"2022-07-10 17:56:05",player_7455,8715
"2022-07-10 17:56:05",player_1763,6049
"2022-07-10 17:56:05",player_4644,3088
"2022-07-10 17:56:05",player_9221,2751
"2022-07-10 17:56:05",player_2099,6058
"2022-07-10 17:56:05",player_1098,70
"2022-07-10 17:56:05",player_7100,116
"2022-07-10 17:56:05",player_7647,7338
"2022-07-10 17:56:05",player_6900,4162
"2022-07-10 17:56:05",player_7990,3698
"2022-07-10 17:56:05",player_4774,8038
"2022-07-10 17:56:05",player_2111,9168
"2022-07-10 17:56:05",player_5941,7155
"2022-07-10 17:56:05",player_8142,4247
"2022-07-10 17:56:05",player_9168,7626
"2022-07-10 17:56:05",player_9200,8373
"2022-07-10 17:56:05",player_7284,1473
"2022-07-10 17:56:05",player_9820,364
"2022-07-10 17:56:05",player_8020,2266
"2022-07-10 17:56:05",player_8995,3532
"2022-07-10 17:56:05",player_9441,1642
"2022-07-10 17:56:05",player_6378,303
"2022-07-10 17:56:05",player_2478,6279
"2022-07-10 17:56:05",player_6611,8566
"2022-07-10 17:56:05",player_2312,9304
"2022-07-10 17:56:05",player_3747,1924
"2022-07-10 17:56:05",player_5528,662
"2022-07-10 17:56:05",player_9695,6428
"2022-07-10 17:56:05",player_7563,1033
"2022-07-10 17:56:05",player_9777,2502
"2022-07-10 17:56:05",player_5809,429
"2022-07-10 17:56:05",player_5163,8301
"2022-07-10 17:56:05",player_2207,4547
"2022-07-10 17:56:05",player_5467,3511
"2022-07-10 17:56:05",player_7446,8221
"2022-07-10 17:56:05",player_6933,7240
"2022-07-10 17:56:05",player_3189,6091
"2022-07-10 17:56:05",player_206,2379
"2022-07-10 17:56:05",player_5499,4989
"2022-07-10 17:56:05",player_8246,2102
"2022-07-10 17:56:05",player_3633,2119
"2022-07-10 17:56:05",player_7456,2758
"2022-07-10 17:56:05",player_8305,293
"2022-07-10 17:56:05",player_9744,5225
"2022-07-10 17:56:05",player_9497,7894
"2022-07-10 17:56:05",player_3512,706
"2022-07-10 17:56:05",player_2661,8661
"2022-07-10 17:56:05",player_9561,7401
"2022-07-10 17:56:05",player_9972,7539
"2022-07-10 17:56:05",player_2610,7495
"2022-07-10 17:56:05",player_2190,6724
"2022-07-10 17:56:05",player_9635,3921
"2022-07-10 17:56:05",player_7442,4374
"2022-07-10 17:56:05",player_194,9585
"2022-07-10 17:56:05",player_8833,7574
"2022-07-10 17:56:05",player_8396,8780
"2022-07-10 17:56:05",player_5145,6079
"2022-07-10 17:56:05",player_5577,9885
"2022-07-10 17:56:05",player_3645,3212
"2022-07-10 17:56:05",player_6642,53
"2022-07-10 17:56:05",player_9063,331
"2022-07-10 17:56:05",player_5200,1517
"2022-07-10 17:56:05",player_8302,66
"2022-07-10 17:56:05",player_5760,4012
"2022-07-10 17:56:05",player_4901,9692
"2022-07-10 17:56:05",player_9932,7322
"2022-07-10 17:56:05",player_8365,7272
"2022-07-10 17:56:05",player_5182,2279
"2022-07-10 17:56:05",player_7522,5969
"2022-07-10 17:56:05",player_3148,1137
"2022-07-10 17:56:05",player_2616,2197
"2022-07-10 17:56:05",player_453,6676
"2022-07-10 17:56:05",player_8973,3175
"2022-07-10 17:56:05",player_9066,970
"2022-07-10 17:56:05",player_4353,7298
"2022-07-10 17:56:05",player_7013,4841
"2022-07-10 17:56:05",player_7937,5409
"2022-07-10 17:56:05",player_2236,5991
"2022-07-10 17:56:05",player_4646,7424
"2022-07-10 17:56:05",player_6896,3301
"2022-07-10 17:56:05",player_5189,769
"2022-07-10 17:56:05",player_3331,9119
"2022-07-10 17:56:05",player_6240,9215
"2022-07-10 17:56:05",player_3712,1092
"2022-07-10 17:56:05",player_3206,6456
"2022-07-10 17:56:05",player_5315,4088
"2022-07-10 17:56:05",player_1522,5487
"2022-07-10 17:56:05",player_5894,3455
"2022-07-10 17:56:05",player_2130,723
"2022-07-10 17:56:05",player_8481,9420
"2022-07-10 17:56:05",player_9796,9361
"2022-07-10 17:56:05",player_7923,5724
"2022-07-10 17:56:05",player_5561,8190
"2022-07-10 17:56:05",player_4738,3697
"2022-07-10 17:56:05",player_4577,4662
"2022-07-10 17:56:05",player_8976,7661
"2022-07-10 17:56:05",player_9626,5930
"2022-07-10 17:56:05",player_7848,1715
"2022-07-10 17:56:05",player_7743,9430
"2022-07-10 17:56:05",player_9670,1506
"2022-07-10 17:56:05",player_2502,3597
"2022-07-10 17:56:05",player_8814,6714
"2022-07-10 17:56:05",player_8774,6404
"2022-07-10 17:56:05",player_1676,3811
"2022-07-10 17:56:05",player_3739,7108
"2022-07-10 17:56:05",player_9416,7448
"2022-07-10 17:56:05",player_1337,2745
"2022-07-10 17:56:05",player_3869,8360
"2022-07-10 17:56:05",player_7109,1570
"2022-07-10 17:56:05",player_4934,25
"2022-07-10 17:56:05",player_3602,8575
"2022-07-10 17:56:05",player_5448,1725
"2022-07-10 17:56:05",player_4006,2496
"2022-07-10 17:56:05",player_8665,4891
"2022-07-10 17:56:05",player_3332,395
"2022-07-10 17:56:05",player_7298,6043
"2022-07-10 17:56:05",player_2833,2483
"2022-07-10 17:56:05",player_1785,4547
"2022-07-10 17:56:05",player_5608,5517
"2022-07-10 17:56:05",player_3292,2750
"2022-07-10 17:56:05",player_9359,4012
"2022-07-10 17:56:05",player_5850,186
"2022-07-10 17:56:05",player_5496,5511
"2022-07-10 17:56:05",player_2760,3394
"2022-07-10 17:56:05",player_2057,5123
"2022-07-10 17:56:05",player_5507,239
"2022-07-10 17:56:05",player_8539,2404
"2022-07-10 17:56:05",player_3182,7007
"2022-07-10 17:56:05",player_990,4018
"2022-07-10 17:56:05",player_3592,4027
"2022-07-10 17:56:05",player_1127,7030
"2022-07-10 17:56:05",player_6178,9148
"2022-07-10 17:56:05",player_7974,2370
"2022-07-10 17:56:05",player_5636,3371
"2022-07-10 17:56:05",player_3134,9136
"2022-07-10 17:56:05",player_4804,6713
"2022-07-10 17:56:05",player_7215,4692
"2022-07-10 17:56:05",player_9589,5001
"2022-07-10 17:56:05",player_8501,7760
"2022-07-10 17:56:05",player_2315,4273
"2022-07-10 17:56:05",player_2501,8459
"2022-07-10 17:56:05",player_1535,9937
"2022-07-10 17:56:05",player_8860,8196
"2022-07-10 17:56:05",player_3524,46
"2022-07-10 17:56:05",player_3649,131
"2022-07-10 17:56:05",player_6720,3294
"2022-07-10 17:56:05",player_2297,2217
"2022-07-10 17:56:05",player_903,984
"2022-07-10 17:56:05",player_5058,7336
"2022-07-10 17:56:05",player_4249,3651
"2022-07-10 17:56:05",player_4693,9830
"2022-07-10 17:56:05",player_6240,6195
"2022-07-10 17:56:05",player_739,6027
"2022-07-10 17:56:05",player_7658,5849
"2022-07-10 17:56:05",player_9847,3404
"2022-07-10 17:56:05",player_2819,6072
"2022-07-10 17:56:05",player_5523,2560
"2022-07-10 17:56:05",player_6421,8861
"2022-07-10 17:56:05",player_253,1181
"2022-07-10 17:56:05",player_4317,9292
"2022-07-10 17:56:05",player_7592,5881
"2022-07-10 17:56:05",player_4851,4896
"2022-07-10 17:56:05",player_1715,8282
"2022-07-10 17:56:05",player_3784,9070
"2022-07-10 17:56:05",player_4384,6469
"2022-07-10 17:56:05",player_7122,2809
"2022-07-10 17:56:05",player_3408,2329
"2022-07-10 17:56:05",player_6265,1199
"2022-07-10 17:56:05",player_8572,676
"2022-07-10 17:56:05",player_6229,3548
"2022-07-10 17:56:05",player_2183,4139
"2022-07-10 17:56:05",player_3850,4238
"2022-07-10 17:56:05",player_1332,1925
"2022-07-10 17:56:05",player_4051,2391
"2022-07-10 17:56:05",player_5407,5584
"2022-07-10 17:56:05",player_483,1601
"2022-07-10 17:56:05",player_9378,5766
"2022-07-10 17:56:05",player_3113,4530
"2022-07-10 17:56:05",player_7654,7871
"2022-07-10 17:56:05",player_1417,288
"2022-07-10 17:56:05",player_4548,4024
"2022-07-10 17:56:05",player_2121,3883
"2022-07-10 17:56:05",player_6227,3918
"2022-07-10 17:56:05",player_8783,386
"2022-07-10 17:56:05",player_8128,3340
"2022-07-10 17:56:05",player_9296,8290
"2022-07-10 17:56:05",player_685,5695
"2022-07-10 17:56:05",player_2774,2454
"2022-07-10 17:56:05",player_363,5774
"2022-07-10 17:56:05",player_9055,9775
"2022-07-10 17:56:05",player_7603,2283
"2022-07-10 17:56:05",player_156,5967
"2022-07-10 17:56:05",player_3098,6846
"2022-07-10 17:56:05",player_9552,8968
"2022-07-10 17:56:05",player_6926,9721
"2022-07-10 17:56:05",player_3246,2028
"2022-07-10 17:56:05",player_5618,2856
"2022-07-10 17:56:05",player_3300,9912
"2022-07-10 17:56:05",player_1093,2556
"2022-07-10 17:56:05",player_8224,1562
"2022-07-10 17:56:05",player_8251,2156
"2022-07-10 17:56:05",player_1054,3012
"2022-07-10 17:56:05",player_9617,1718
"2022-07-10 17:56:05",player_7578,1392
"2022-07-10 17:56:05",player_6797,5535
"2022-07-10 17:56:05",player_9339,5797
"2022-07-10 17:56:05",player_6370,8956
"2022-07-10 17:56:05",player_5485,7906
"2022-07-10 17:56:05",player_3244,740
"2022-07-10 17:56:05",player_7182,8035
"2022-07-10 17:56:05",player_5886,4562
"2022-07-10 17:56:05",player_7583,4346
"2022-07-10 17:56:05",player_8518,3936
"2022-07-10 17:56:05",player_2961,1979
"2022-07-10 17:56:05",player_2326,6421
"2022-07-10 17:56:05",player_6646,5049
"2022-07-10 17:56:05",player_1120,7395
"2022-07-10 17:56:05",player_4773,6927
"2022-07-10 17:56:05",player_4487,2386
"2022-07-10 17:56:05",player_7821,6208
"2022-07-10 17:56:05",player_3829,2697
"2022-07-10 17:56:05",player_5433,7922
"2022-07-10 17:56:05",player_8657,1975
"2022-07-10 17:56:05",player_1,9222
"2022-07-10 17:56:05",player_8747,7260
"2022-07-10 17:56:05",player_2911,6932
"2022-07-10 17:56:05",player_9182,8920
"2022-07-10 17:56:05",player_100,5622
"2022-07-10 17:56:05",player_934,5583
"2022-07-10 17:56:05",player_6254,1748
"2022-07-10 17:56:05",player_775,8736
"2022-07-10 17:56:05",player_8875,8992
"2022-07-10 17:56:05",player_9459,2317
"2022-07-10 17:56:05",player_8466,7378
"2022-07-10 17:56:05",player_6892,6747
"2022-07-10 17:56:05",player_8765,8974
"2022-07-10 17:56:05",player_584,2688
"2022-07-10 17:56:05",player_4513,7196
"2022-07-10 17:56:05",player_4952,9286
"2022-07-10 17:56:05",player_5751,6518
"2022-07-10 17:56:05",player_8833,4097
"2022-07-10 17:56:05",player_1556,7659
"2022-07-10 17:56:05",player_2672,6910
"2022-07-10 17:56:05",player_7146,7206
"2022-07-10 17:56:05",player_1590,7615
"2022-07-10 17:56:05",player_7355,9838
"2022-07-10 17:56:05",player_4558,4727
"2022-07-10 17:56:05",player_127,5643
"2022-07-10 17:56:05",player_538,5415
"2022-07-10 17:56:05",player_4117,271
"2022-07-10 17:56:05",player_445,4571
"2022-07-10 17:56:05",player_8065,234
"2022-07-10 17:56:05",player_8203,6353
"2022-07-10 17:56:05",player_9348,5236
"2022-07-10 17:56:05",player_9697,3297
"2022-07-10 17:56:05",player_9504,5132
"2022-07-10 17:56:05",player_6124,322
"2022-07-10 17:56:05",player_7339,7869
"2022-07-10 17:56:05",player_6018,735
"2022-07-10 17:56:05",player_2400,3527
"2022-07-10 17:56:05",player_1442,8794
"2022-07-10 17:56:05",player_7621,6261
"2022-07-10 17:56:05",player_3222,7247
"2022-07-10 17:56:05",player_4069,9440
"2022-07-10 17:56:05",player_2683,55
"2022-07-10 17:56:05",player_9078,8725
"2022-07-10 17:56:05",player_1424,7448
"2022-07-10 17:56:05",player_2640,5682
"2022-07-10 17:56:05",player_9116,5914
"2022-07-10 17:56:05",player_737,5721
"2022-07-10 17:56:05",player_229,6586
"2022-07-10 17:56:05",player_4071,1074
"2022-07-10 17:56:05",player_1044,1847
"2022-07-10 17:56:05",player_8586,6516
"2022-07-10 17:56:05",player_448,431
"2022-07-10 17:56:05",player_9227,4455
"2022-07-10 17:56:05",player_7091,1346
"2022-07-10 17:56:05",player_6021,3030
"2022-07-10 17:56:05",player_412,5000
"2022-07-10 17:56:05",player_7873,6633
"2022-07-10 17:56:05",player_8096,2258
"2022-07-10 17:56:05",player_6659,5796
"2022-07-10 17:56:05",player_1988,62
"2022-07-10 17:56:05",player_2202,9135
"2022-07-10 17:56:05",player_6335,7606
"2022-07-10 17:56:05",player_1346,1028
"2022-07-10 17:56:05",player_1578,3592
"2022-07-10 17:56:05",player_1765,4459
"2022-07-10 17:56:05",player_7362,6714
"2022-07-10 17:56:05",player_6864,7988
"2022-07-10 17:56:05",player_2252,8990
"2022-07-10 17:56:05",player_970,7749
"2022-07-10 17:56:05",player_2645,8680
"2022-07-10 17:56:05",player_8671,9145
"2022-07-10 17:56:05",player_6680,3681
"2022-07-10 17:56:05",player_9775,4172
"2022-07-10 17:56:05",player_7205,904
"2022-07-10 17:56:05",player_2420,6509
"2022-07-10 17:56:05",player_9325,4131
"2022-07-10 17:56:05",player_8960,7648
"2022-07-10 17:56:05",player_2206,7501
"2022-07-10 17:56:05",player_7067,2076
"2022-07-10 17:56:05",player_1215,7348
"2022-07-10 17:56:05",player_1591,1557
"2022-07-10 17:56:05",player_3471,6347
"2022-07-10 17:56:05",player_3884,67
"2022-07-10 17:56:05",player_8531,105
"2022-07-10 17:56:05",player_7534,4730
"2022-07-10 17:56:05",player_7066,3467
"2022-07-10 17:56:05",player_7020,5660
"2022-07-10 17:56:05",player_7727,3615
"2022-07-10 17:56:05",player_3575,1322
"2022-07-10 17:56:05",player_4685,5301
"2022-07-10 17:56:05",player_5429,6216
"2022-07-10 17:56:05",player_2725,6272
"2022-07-10 17:56:05",player_2154,4066
"2022-07-10 17:56:05",player_6034,3657
"2022-07-10 17:56:05",player_4667,649
"2022-07-10 17:56:05",player_126,2206
"2022-07-10 17:56:05",player_205,7877
"2022-07-10 17:56:05",player_4222,950
"2022-07-10 17:56:05",player_7334,56
"2022-07-10 17:56:05",player_8164,9830
"2022-07-10 17:56:05",player_6170,9549
"2022-07-10 17:56:05",player_196,1052
"2022-07-10 17:56:05",player_7038,5136
"2022-07-10 17:56:05",player_3107,7560
"2022-07-10 17:56:05",player_3211,6964
"2022-07-10 17:56:05",player_6141,2716
"2022-07-10 17:56:05",player_7262,2864
"2022-07-10 17:56:05",player_6360,6564
"2022-07-10 17:56:05",player_5403,3902
"2022-07-10 17:56:05",player_9250,9483
"2022-07-10 17:56:05",player_1764,732
"2022-07-10 17:56:05",player_1823,5370
"2022-07-10 17:56:05",player_445,2982
"2022-07-10 17:56:05",player_8890,8996
"2022-07-10 17:56:05",player_6672,6636
"2022-07-10 17:56:05",player_8711,7835
"2022-07-10 17:56:05",player_830,1268
"2022-07-10 17:56:05",player_7720,3057
"2022-07-10 17:56:05",player_1253,5817
"2022-07-10 17:56:05",player_3684,4066
"2022-07-10 17:56:05",player_4046,5652
"2022-07-10 17:56:05",player_9085,3856
"2022-07-10 17:56:05",player_7313,491
"2022-07-10 17:56:05",player_5861,454
"2022-07-10 17:56:05",player_9521,6138
"2022-07-10 17:56:05",player_166,8987
"2022-07-10 17:56:05",player_6496,5571
"2022-07-10 17:56:05",player_8321,7526
"2022-07-10 17:56:05",player_3751,7303
"2022-07-10 17:56:05",player_1080,7578
"2022-07-10 17:56:05",player_2447,850
"2022-07-10 17:56:05",player_1508,61
"2022-07-10 17:56:05",player_1251,7384
"2022-07-10 17:56:05",player_2727,6719
"2022-07-10 17:56:05",player_5039,1326
"2022-07-10 17:56:05",player_7286,9072
"2022-07-10 17:56:05",player_7197,8149
"2022-07-10 17:56:05",player_8622,7815
"2022-07-10 17:56:05",player_5672,6643
"2022-07-10 17:56:05",player_1330,221
"2022-07-10 17:56:05",player_8353,913
"2022-07-10 17:56:05",player_5112,6153
"2022-07-10 17:56:05",player_6656,797
"2022-07-10 17:56:05",player_9188,5207
"2022-07-10 17:56:05",player_2141,647
"2022-07-10 17:56:05",player_3850,4086
"2022-07-10 17:56:05",player_3706,1585
"2022-07-10 17:56:05",player_9788,4178
"2022-07-10 17:56:05",player_3914,2927
"2022-07-10 17:56:05",player_6311,5869
"2022-07-10 17:56:05",player_7297,6905
"2022-07-10 17:56:05",player_8768,2407
"2022-07-10 17:56:05",player_4788,103
"2022-07-10 17:56:05",player_9224,6067
"2022-07-10 17:56:05",player_405,1079
"2022-07-10 17:56:05",player_6349,6771
"2022-07-10 17:56:05",player_3651,5740
"2022-07-10 17:56:05",player_564,4155
"2022-07-10 17:56:05",player_4929,609
"2022-07-10 17:56:05",player_5140,2499
"2022-07-10 17:56:05",player_9755,6372
"2022-07-10 17:56:05",player_8878,891
"2022-07-10 17:56:05",player_1904,4767
"2022-07-10 17:56:05",player_5065,7031
"2022-07-10 17:56:05",player_2217,6013
"2022-07-10 17:56:05",player_1975,3354
"2022-07-10 17:56:05",player_2518,1035
"2022-07-10 17:56:05",player_9937,7901
"2022-07-10 17:56:05",player_6118,313
"2022-07-10 17:56:05",player_6817,6383
"2022-07-10 17:56:05",player_6530,9500
"2022-07-10 17:56:05",player_1548,7436
"2022-07-10 17:56:05",player_3860,5878
"2022-07-10 17:56:05",player_4333,86
"2022-07-10 17:56:05",player_5399,2820
"2022-07-10 17:56:05",player_132,1770
"2022-07-10 17:56:05",player_9144,796
"2022-07-10 17:56:05",player_1864,6544
"2022-07-10 17:56:05",player_6700,1939
"2022-07-10 17:56:05",player_1884,1778
"2022-07-10 17:56:05",player_2056,6250
"2022-07-10 17:56:05",player_6014,4391
"2022-07-10 17:56:05",player_1446,2661
"2022-07-10 17:56:05",player_6963,7865
"2022-07-10 17:56:05",player_8397,2716
"2022-07-10 17:56:05",player_1181,3967
"2022-07-10 17:56:05",player_5299,4694
"2022-07-10 17:56:05",player_5298,9736
"2022-07-10 17:56:05",player_1116,5495
"2022-07-10 17:56:05",player_9550,6161
"2022-07-10 17:56:05",player_7142,5439
"2022-07-10 17:56:05",player_3008,3370
"2022-07-10 17:56:05",player_2123,5932
"2022-07-10 17:56:05",player_3318,3518
"2022-07-10 17:56:05",player_4977,5219
"2022-07-10 17:56:05",player_3314,5612
"2022-07-10 17:56:05",player_1132,5244
"2022-07-10 17:56:05",player_4186,3858
"2022-07-10 17:56:05",player_3866,1634
"2022-07-10 17:56:05",player_9319,3263
"2022-07-10 17:56:05",player_1076,6238
"2022-07-10 17:56:05",player_9432,1658
"2022-07-10 17:56:05",player_1500,9187
"2022-07-10 17:56:05",player_4243,8278
"2022-07-10 17:56:05",player_8507,1713
"2022-07-10 17:56:05",player_2962,822
"2022-07-10 17:56:05",player_3038,5567
"2022-07-10 17:56:05",player_5058,1330
"2022-07-10 17:56:05",player_5752,5901
"2022-07-10 17:56:05",player_6587,1672
"2022-07-10 17:56:05",player_422,2027
"2022-07-10 17:56:05",player_8461,9602
"2022-07-10 17:56:05",player_1778,2159
"2022-07-10 17:56:05",player_3714,3784
"2022-07-10 17:56:05",player_1720,6424
"2022-07-10 17:56:05",player_3271,3475
"2022-07-10 17:56:05",player_8726,5162
"2022-07-10 17:56:05",player_4093,5759
"2022-07-10 17:56:05",player_9585,2473
"2022-07-10 17:56:05",player_210,5334
"2022-07-10 17:56:05",player_1298,5494
"2022-07-10 17:56:05",player_3266,1937
"2022-07-10 17:56:05",player_8080,9266
"2022-07-10 17:56:05",player_8731,9132
"2022-07-10 17:56:05",player_2513,1104
"2022-07-10 17:56:05",player_8043,9734
"2022-07-10 17:56:05",player_2237,3707
"2022-07-10 17:56:05",player_2070,4848
"2022-07-10 17:56:05",player_8338,8300
"2022-07-10 17:56:05",player_4579,7142
"2022-07-10 17:56:05",player_8183,8222
"2022-07-10 17:56:05",player_2308,4929
"2022-07-10 17:56:05",player_8719,9297
"2022-07-10 17:56:05",player_8487,4445
"2022-07-10 17:56:05",player_927,3538
"2022-07-10 17:56:05",player_9347,847
"2022-07-10 17:56:05",player_1968,9544
"2022-07-10 17:56:05",player_1440,9054
"2022-07-10 17:56:05",player_3585,6893
"2022-07-10 17:56:05",player_1212,7117
"2022-07-10 17:56:05",player_8627,9839
"2022-07-10 17:56:05",player_2253,2666
"2022-07-10 17:56:05",player_881,4225
"2022-07-10 17:56:05",player_204,3333
"2022-07-10 17:56:05",player_4554,4507
"2022-07-10 17:56:05",player_6611,9026
"2022-07-10 17:56:05",player_2978,3955
"2022-07-10 17:56:05",player_2705,9311
"2022-07-10 17:56:05",player_1106,991
"2022-07-10 17:56:05",player_6984,5831
"2022-07-10 17:56:05",player_6284,6730
"2022-07-10 17:56:05",player_8012,3038
"2022-07-10 17:56:05",player_9666,7005
"2022-07-10 17:56:05",player_8330,4606
"2022-07-10 17:56:05",player_4104,5016
"2022-07-10 17:56:05",player_6415,374
"2022-07-10 17:56:05",player_1233,687
"2022-07-10 17:56:05",player_4490,7952
"2022-07-10 17:56:05",player_2079,8814
"2022-07-10 17:56:05",player_5801,7800
"2022-07-10 17:56:05",player_9973,6940
"2022-07-10 17:56:05",player_2683,6676
"2022-07-10 17:56:05",player_6558,949
"2022-07-10 17:56:05",player_7986,7904
"2022-07-10 17:56:05",player_1991,5875
"2022-07-10 17:56:05",player_1289,2008
"2022-07-10 17:56:05",player_4377,7960
"2022-07-10 17:56:05",player_525,8870
"2022-07-10 17:56:05",player_7157,6303
"2022-07-10 17:56:05",player_613,5788
"2022-07-10 17:56:05",player_5671,9691
"2022-07-10 17:56:05",player_9721,4188
"2022-07-10 17:56:05",player_4558,8694
"2022-07-10 17:56:05",player_9226,5580
"2022-07-10 17:56:05",player_6157,1529
"2022-07-10 17:56:05",player_596,315
"2022-07-10 17:56:05",player_4048,1551
"2022-07-10 17:56:05",player_8657,1356
"2022-07-10 17:56:05",player_2473,9041
"2022-07-10 17:56:05",player_6015,1441
"2022-07-10 17:56:05",player_8804,3917
"2022-07-10 17:56:05",player_7771,1792
"2022-07-10 17:56:05",player_1589,835
"2022-07-10 17:56:05",player_8211,4708
"2022-07-10 17:56:05",player_6773,9412
"2022-07-10 17:56:05",player_4472,2659
"2022-07-10 17:56:05",player_7939,3542
"2022-07-10 17:56:05",player_1422,801
"2022-07-10 17:56:05",player_6214,5490
"2022-07-10 17:56:05",player_2901,5615
"2022-07-10 17:56:05",player_9079,6749
"2022-07-10 17:56:05",player_377,3005
"2022-07-10 17:56:05",player_4055,4421
"2022-07-10 17:56:05",player_1580,7039
"2022-07-10 17:56:05",player_2674,8646
"2022-07-10 17:56:05",player_2911,2314
"2022-07-10 17:56:05",player_2114,399
"2022-07-10 17:56:05",player_2589,1120
"2022-07-10 17:56:05",player_760,8741
"2022-07-10 17:56:05",player_5031,7791
"2022-07-10 17:56:05",player_1452,3154
"2022-07-10 17:56:05",player_266,9934
"2022-07-10 17:56:05",player_8438,3202
"2022-07-10 17:56:05",player_6018,8478
"2022-07-10 17:56:05",player_9393,4194
"2022-07-10 17:56:05",player_8211,635
"2022-07-10 17:56:05",player_339,4017
"2022-07-10 17:56:05",player_5747,6348
"2022-07-10 17:56:05",player_389,9216
"2022-07-10 17:56:05",player_4067,2134
"2022-07-10 17:56:05",player_9668,5132
"2022-07-10 17:56:05",player_3409,7541
"2022-07-10 17:56:05",player_7359,2039
"2022-07-10 17:56:05",player_3667,9046
"2022-07-10 17:56:05",player_9063,7989
"2022-07-10 17:56:05",player_5094,3871
"2022-07-10 17:56:05",player_8767,7830
"2022-07-10 17:56:05",player_7269,1413
"2022-07-10 17:56:05",player_9429,4857
"2022-07-10 17:56:05",player_3110,8138
"2022-07-10 17:56:05",player_8437,8987
"2022-07-10 17:56:05",player_5806,2059
"2022-07-10 17:56:05",player_7836,9549
"2022-07-10 17:56:05",player_1719,8224
"2022-07-10 17:56:05",player_7910,7115
"2022-07-10 17:56:05",player_2478,745
"2022-07-10 17:56:05",player_1508,2928
"2022-07-10 17:56:05",player_7790,2310
"2022-07-10 17:56:05",player_4352,1141
"2022-07-10 17:56:05",player_3851,1578
"2022-07-10 17:56:05",player_7564,2467
"2022-07-10 17:56:05",player_5453,5802
"2022-07-10 17:56:05",player_9329,6514
"2022-07-10 17:56:05",player_5382,8317
"2022-07-10 17:56:05",player_3225,852
"2022-07-10 17:56:05",player_7772,5695
"2022-07-10 17:56:05",player_5441,2141
"2022-07-10 17:56:05",player_4265,2191
"2022-07-10 17:56:05",player_9744,7494
"2022-07-10 17:56:05",player_1033,8568
"2022-07-10 17:56:05",player_3734,8394
"2022-07-10 17:56:05",player_4117,7127
"2022-07-10 17:56:05",player_7404,1994
"2022-07-10 17:56:05",player_1473,8496
"2022-07-10 17:56:05",player_9495,8938
"2022-07-10 17:56:05",player_4204,9213
"2022-07-10 17:56:05",player_7553,3487
"2022-07-10 17:56:05",player_8985,2752
"2022-07-10 17:56:05",player_565,3480
"2022-07-10 17:56:05",player_3787,4652
"2022-07-10 17:56:05",player_9712,6537
"2022-07-10 17:56:05",player_7355,9551
"2022-07-10 17:56:05",player_1317,7453
"2022-07-10 17:56:05",player_4383,8558
"2022-07-10 17:56:05",player_9721,643
"2022-07-10 17:56:05",player_4323,6327
"2022-07-10 17:56:05",player_3071,6068
"2022-07-10 17:56:05",player_7324,7922
"2022-07-10 17:56:05",player_5035,4453
"2022-07-10 17:56:05",player_4420,8936
"2022-07-10 17:56:05",player_1192,5786
"2022-07-10 17:56:05",player_120,9066
"2022-07-10 17:56:05",player_6587,2264
"2022-07-10 17:56:05",player_1745,2190
"2022-07-10 17:56:05",player_9053,8707
"2022-07-10 17:56:05",player_8597,1003
"2022-07-10 17:56:05",player_1556,5874
"2022-07-10 17:56:05",player_9079,1210
"2022-07-10 17:56:05",player_8842,567
"2022-07-10 17:56:05",player_5049,9802
"2022-07-10 17:56:05",player_260,5049
"2022-07-10 17:56:05",player_9270,9333
"2022-07-10 17:56:05",player_8156,7862
"2022-07-10 17:56:05",player_8630,584
"2022-07-10 17:56:05",player_5594,6745
"2022-07-10 17:56:05",player_1100,2965
"2022-07-10 17:56:05",player_7078,9013
"2022-07-10 17:56:05",player_1344,1520
"2022-07-10 17:56:05",player_1309,7192
"2022-07-10 17:56:05",player_1406,1104
"2022-07-10 17:56:05",player_8460,5017
"2022-07-10 17:56:05",player_8119,6427
"2022-07-10 17:56:05",player_3606,6210
"2022-07-10 17:56:05",player_1682,7762
"2022-07-10 17:56:05",player_3529,2883
"2022-07-10 17:56:05",player_615,9272
"2022-07-10 17:56:05",player_3671,3275
"2022-07-10 17:56:05",player_7191,1838
"2022-07-10 17:56:05",player_3534,9031
"2022-07-10 17:56:05",player_5651,4545
"2022-07-10 17:56:05",player_3106,7540
"2022-07-10 17:56:05",player_3591,9581
"2022-07-10 17:56:05",player_4928,6007
"2022-07-10 17:56:05",player_5708,9121
"2022-07-10 17:56:05",player_5088,3900
"2022-07-10 17:56:05",player_3624,5299
"2022-07-10 17:56:05",player_5048,3490
"2022-07-10 17:56:05",player_4892,1286
"2022-07-10 17:56:05",player_9721,4100
"2022-07-10 17:56:05",player_1431,6573
"2022-07-10 17:56:05",player_4487,6128
"2022-07-10 17:56:05",player_5035,6632
"2022-07-10 17:56:05",player_7511,764
"2022-07-10 17:56:05",player_7186,7749
"2022-07-10 17:56:05",player_223,3508
"2022-07-10 17:56:05",player_2191,6261
"2022-07-10 17:56:05",player_456,4610
"2022-07-10 17:56:05",player_43,9409
"2022-07-10 17:56:05",player_4698,9424
"2022-07-10 17:56:05",player_2634,4075
"2022-07-10 17:56:05",player_2120,3586
"2022-07-10 17:56:05",player_4187,8742
"2022-07-10 17:56:05",player_8352,5974
"2022-07-10 17:56:05",player_1258,9405
"2022-07-10 17:56:05",player_9205,6731
"2022-07-10 17:56:05",player_2088,2635
"2022-07-10 17:56:05",player_1781,8299
"2022-07-10 17:56:05",player_8882,7607
"2022-07-10 17:56:05",player_6939,8238
"2022-07-10 17:56:05",player_4466,6933
"2022-07-10 17:56:05",player_5683,369
"2022-07-10 17:56:05",player_605,8730
"2022-07-10 17:56:05",player_7215,9837
"2022-07-10 17:56:05",player_5087,3004
"2022-07-10 17:56:05",player_1016,2717
"2022-07-10 17:56:05",player_4284,784
"2022-07-10 17:56:05",player_714,6269
"2022-07-10 17:56:05",player_3160,2793
"2022-07-10 17:56:05",player_3185,7782
"2022-07-10 17:56:05",player_48,9709
"2022-07-10 17:56:05",player_7218,3621
"2022-07-10 17:56:05",player_617,4132
"2022-07-10 17:56:05",player_9001,4212
"2022-07-10 17:56:05",player_3302,299
"2022-07-10 17:56:05",player_1678,8498
"2022-07-10 17:56:05",player_3409,4481
"2022-07-10 17:56:05",player_1037,9778
"2022-07-10 17:56:05",player_20,4849
"2022-07-10 17:56:05",player_8630,5019
"2022-07-10 17:56:05",player_186,9945
"2022-07-10 17:56:05",player_898,1211
"2022-07-10 17:56:05",player_3107,8298
"2022-07-10 17:56:05",player_2839,1731
"2022-07-10 17:56:05",player_221,7863
"2022-07-10 17:56:05",player_8133,2159
"2022-07-10 17:56:05",player_5330,4474
"2022-07-10 17:56:05",player_5739,5050
"2022-07-10 17:56:05",player_2634,5289
"2022-07-10 17:56:05",player_4197,5707
"2022-07-10 17:56:05",player_5161,8567
"2022-07-10 17:56:05",player_9292,6794
"2022-07-10 17:56:05",player_8566,7271
"2022-07-10 17:56:05",player_6885,6487
"2022-07-10 17:56:05",player_9792,5740
"2022-07-10 17:56:05",player_4904,4923
"2022-07-10 17:56:05",player_2695,3379
"2022-07-10 17:56:05",player_8429,7211
"2022-07-10 17:56:05",player_3881,1933
"2022-07-10 17:56:05",player_4016,1524
"2022-07-10 17:56:05",player_7101,9343
"2022-07-10 17:56:05",player_7741,2783
"2022-07-10 17:56:05",player_4639,1298
"2022-07-10 17:56:05",player_2316,1937
"2022-07-10 17:56:05",player_6170,5900
"2022-07-10 17:56:05",player_4863,1331
"2022-07-10 17:56:05",player_2518,6055
"2022-07-10 17:56:05",player_2229,6411
"2022-07-10 17:56:05",player_9485,7464
"2022-07-10 17:56:05",player_8375,2937
"2022-07-10 17:56:05",player_4048,6043
"2022-07-10 17:56:05",player_791,8726
"2022-07-10 17:56:05",player_6670,5736
"2022-07-10 17:56:05",player_5153,5671
"2022-07-10 17:56:05",player_3583,1088
"2022-07-10 17:56:05",player_9675,2051
"2022-07-10 17:56:05",player_5658,1579
"2022-07-10 17:56:05",player_7321,682
"2022-07-10 17:56:05",player_9309,2872
"2022-07-10 17:56:05",player_7890,6744
"2022-07-10 17:56:05",player_7571,815
"2022-07-10 17:56:05",player_2735,7463
"2022-07-10 17:56:05",player_7026,6934
"2022-07-10 17:56:05",player_5835,7187
"2022-07-10 17:56:05",player_6367,4619
"2022-07-10 17:56:05",player_9294,8428
"2022-07-10 17:56:05",player_4384,1732
"2022-07-10 17:56:05",player_2391,5796
"2022-07-10 17:56:05",player_5902,8041
"2022-07-10 17:56:05",player_6259,7741
"2022-07-10 17:56:05",player_9386,265
"2022-07-10 17:56:05",player_7872,1945
"2022-07-10 17:56:05",player_8844,3342
"2022-07-10 17:56:05",player_6909,3552
"2022-07-10 17:56:05",player_7063,4898
"2022-07-10 17:56:05",player_8663,8503
"2022-07-10 17:56:05",player_9475,2219
"2022-07-10 17:56:05",player_1794,7098
"2022-07-10 17:56:05",player_5914,9752
"2022-07-10 17:56:05",player_614,1007
"2022-07-10 17:56:05",player_8155,8423
"2022-07-10 17:56:05",player_7298,8735
"2022-07-10 17:56:05",player_1138,1756
"2022-07-10 17:56:05",player_4955,3837
"2022-07-10 17:56:05",player_6236,9478
"2022-07-10 17:56:05",player_1708,2887
"2022-07-10 17:56:05",player_9809,6352
"2022-07-10 17:56:05",player_9274,1107
"2022-07-10 17:56:05",player_2228,2958
"2022-07-10 17:56:05",player_9777,9292
"2022-07-10 17:56:05",player_5227,4081
"2022-07-10 17:56:05",player_4590,1012
"2022-07-10 17:56:05",player_2663,3392
"2022-07-10 17:56:05",player_8170,7266
"2022-07-10 17:56:05",player_2389,9776
"2022-07-10 17:56:05",player_4006,9368
"2022-07-10 17:56:05",player_3014,7169
"2022-07-10 17:56:05",player_4529,1712
"2022-07-10 17:56:05",player_9446,3007
"2022-07-10 17:56:05",player_1052,3944
"2022-07-10 17:56:05",player_7633,7260
"2022-07-10 17:56:05",player_9480,8924
"2022-07-10 17:56:05",player_6519,715
"2022-07-10 17:56:05",player_9087,7453
"2022-07-10 17:56:05",player_9197,3659
"2022-07-10 17:56:05",player_2333,4062
"2022-07-10 17:56:05",player_9277,9766
"2022-07-10 17:56:05",player_5992,2487
"2022-07-10 17:56:05",player_4349,124
"2022-07-10 17:56:05",player_9336,1928
"2022-07-10 17:56:05",player_5375,5746
"2022-07-10 17:56:05",player_8956,4508
"2022-07-10 17:56:05",player_2058,6387
"2022-07-10 17:56:05",player_7241,4738
"2022-07-10 17:56:05",player_4137,8812
"2022-07-10 17:56:05",player_800,3249
"2022-07-10 17:56:05",player_4223,3459
"2022-07-10 17:56:05",player_4115,813
"2022-07-10 17:56:05",player_8778,1541
"2022-07-10 17:56:05",player_793,1399
"2022-07-10 17:56:05",player_6063,4670
"2022-07-10 17:56:05",player_6135,7156
"2022-07-10 17:56:05",player_3582,7791
"2022-07-10 17:56:05",player_2064,7076
"2022-07-10 17:56:05",player_4601,2665
"2022-07-10 17:56:05",player_1223,771
"2022-07-10 17:56:05",player_1546,4166
"2022-07-10 17:56:05",player_4075,3664
"2022-07-10 17:56:05",player_7411,6083
"2022-07-10 17:56:05",player_4492,1884
"2022-07-10 17:56:05",player_5806,8817
"2022-07-10 17:56:05",player_8345,2114
"2022-07-10 17:56:05",player_4796,9469
"2022-07-10 17:56:05",player_1968,4612
"2022-07-10 17:56:05",player_9872,5187
"2022-07-10 17:56:05",player_9768,9317
"2022-07-10 17:56:05",player_6863,120
"2022-07-10 17:56:05",player_4501,7664
"2022-07-10 17:56:05",player_8238,7234
"2022-07-10 17:56:05",player_3565,3108
"2022-07-10 17:56:05",player_2702,7828
"2022-07-10 17:56:05",player_6010,2522
"2022-07-10 17:56:05",player_2307,9001
"2022-07-10 17:56:05",player_411,215
"2022-07-10 17:56:05",player_1034,2350
"2022-07-10 17:56:05",player_9877,2490
"2022-07-10 17:56:05",player_3869,5441
"2022-07-10 17:56:05",player_5024,3920
"2022-07-10 17:56:05",player_7762,4981
"2022-07-10 17:56:05",player_3551,2532
"2022-07-10 17:56:05",player_6774,2023
"2022-07-10 17:56:05",player_5596,5809
"2022-07-10 17:56:05",player_8438,6553
"2022-07-10 17:56:05",player_9748,8218
"2022-07-10 17:56:05",player_6778,5646
"2022-07-10 17:56:05",player_9123,7380
"2022-07-10 17:56:05",player_8484,6989
"2022-07-10 17:56:05",player_8574,2649
"2022-07-10 17:56:05",player_6547,4610
"2022-07-10 17:56:05",player_948,2939
"2022-07-10 17:56:05",player_7113,2136
"2022-07-10 17:56:05",player_5450,8226
"2022-07-10 17:56:05",player_9201,2592
"2022-07-10 17:56:05",player_3804,8852
"2022-07-10 17:56:05",player_8,9834
"2022-07-10 17:56:05",player_8364,9301
"2022-07-10 17:56:05",player_8967,1849
"2022-07-10 17:56:05",player_9679,2518
"2022-07-10 17:56:05",player_6371,4523
"2022-07-10 17:56:05",player_1436,1488
"2022-07-10 17:56:05",player_6419,5431
"2022-07-10 17:56:05",player_3937,9445
"2022-07-10 17:56:05",player_5964,7029
"2022-07-10 17:56:05",player_4148,9458
"2022-07-10 17:56:05",player_6280,5922
"2022-07-10 17:56:05",player_9708,5984
"2022-07-10 17:56:05",player_7113,9253
"2022-07-10 17:56:05",player_2900,9795
"2022-07-10 17:56:05",player_8274,3497
"2022-07-10 17:56:05",player_6291,3337
"2022-07-10 17:56:05",player_6195,917
"2022-07-10 17:56:05",player_7750,639
"2022-07-10 17:56:05",player_20,1044
"2022-07-10 17:56:05",player_6852,6454
"2022-07-10 17:56:05",player_799,8284
"2022-07-10 17:56:05",player_7695,6750
"2022-07-10 17:56:05",player_4715,4715
"2022-07-10 17:56:05",player_4854,7489
"2022-07-10 17:56:05",player_6558,1498
"2022-07-10 17:56:05",player_982,4466
"2022-07-10 17:56:05",player_3326,4254
"2022-07-10 17:56:05",player_1666,9402
"2022-07-10 17:56:05",player_783,833
"2022-07-10 17:56:05",player_1427,8563
"2022-07-10 17:56:05",player_1864,872
"2022-07-10 17:56:05",player_3421,4609
"2022-07-10 17:56:05",player_2998,2237
"2022-07-10 17:56:05",player_6595,11
"2022-07-10 17:56:05",player_4156,2679
"2022-07-10 17:56:05",player_7613,5044
"2022-07-10 17:56:05",player_5899,291
"2022-07-10 17:56:05",player_9707,4791
"2022-07-10 17:56:05",player_1616,9529
"2022-07-10 17:56:05",player_412,4069
"2022-07-10 17:56:05",player_6407,1569
"2022-07-10 17:56:05",player_9728,3143
"2022-07-10 17:56:05",player_5463,5516
"2022-07-10 17:56:05",player_6742,2725
"2022-07-10 17:56:05",player_5065,8476
"2022-07-10 17:56:05",player_6917,6583
"2022-07-10 17:56:05",player_6971,4768
"2022-07-10 17:56:05",player_7761,8005
"2022-07-10 17:56:05",player_3552,8654
"2022-07-10 17:56:05",player_3395,4874
"2022-07-10 17:56:05",player_4451,910
"2022-07-10 17:56:05",player_8550,820
"2022-07-10 17:56:05",player_9546,8627
"2022-07-10 17:56:05",player_6099,8765
"2022-07-10 17:56:05",player_8974,3449
"2022-07-10 17:56:05",player_5246,9030
"2022-07-10 17:56:05",player_7831,2953
"2022-07-10 17:56:05",player_3824,4812
"2022-07-10 17:56:05",player_6495,7998
"2022-07-10 17:56:05",player_346,5178
"2022-07-10 17:56:05",player_5682,7833
"2022-07-10 17:56:05",player_9986,8703
"2022-07-10 17:56:05",player_761,6602
"2022-07-10 17:56:05",player_547,4521
"2022-07-10 17:56:05",player_2867,5318
"2022-07-10 17:56:05",player_2086,2172
"2022-07-10 17:56:05",player_6024,9081
"2022-07-10 17:56:05",player_1536,8921
"2022-07-10 17:56:05",player_1828,4515
"2022-07-10 17:56:05",player_97,9672
"2022-07-10 17:56:05",player_5162,3766
"2022-07-10 17:56:05",player_8150,5035
"2022-07-10 17:56:05",player_8279,8078
"2022-07-10 17:56:05",player_6485,8962
